122at7088	Complete	OW569327.1	17764920	17677217	-	4017.5	1985	https://v10-1.orthodb.org/?query=122at7088	Tetratricopeptide repeat
126at7088	Complete	OW569327.1	19740238	19779228	+	3629.2	1804	https://v10-1.orthodb.org/?query=126at7088	Phosphatidylinositol 3-/4-kinase, catalytic domain
173at7088	Complete	OW569327.1	19163830	19201323	+	2594.0	1254	https://v10-1.orthodb.org/?query=173at7088	Clathrin, heavy chain, linker, core motif
345at7088	Complete	OW569327.1	5160456	5142295	-	2909.0	1655	https://v10-1.orthodb.org/?query=345at7088	Active zone protein ELKS
489at7088	Complete	OW569327.1	20945894	20965819	+	2587.9	2489	https://v10-1.orthodb.org/?query=489at7088	Zinc finger C2H2 superfamily
633at7088	Complete	OW569327.1	17290397	17384112	+	1973.7	973	https://v10-1.orthodb.org/?query=633at7088	Ankyrin repeat
649at7088	Complete	OW569327.1	1515421	1417102	-	1817.5	952	https://v10-1.orthodb.org/?query=649at7088	Thrombospondin type-1 (TSP1) repeat
871at7088	Complete	OW569327.1	21507840	21480755	-	2139.8	1173	https://v10-1.orthodb.org/?query=871at7088	Uncharacterised domain NUC173
911at7088	Complete	OW569327.1	11737162	11837930	+	2180.5	1063	https://v10-1.orthodb.org/?query=911at7088	Homeobox domain
994at7088	Complete	OW569327.1	19020724	19005450	-	1924.8	1035	https://v10-1.orthodb.org/?query=994at7088	SH3 domain
1076at7088	Complete	OW569327.1	18097602	18025410	-	1651.8	798	https://v10-1.orthodb.org/?query=1076at7088	JmjC domain
1094at7088	Complete	OW569327.1	18213466	18203961	-	1082.3	606	https://v10-1.orthodb.org/?query=1094at7088	Formyl transferase, C-terminal
1108at7088	Complete	OW569327.1	13716182	13745373	+	1038.7	639	https://v10-1.orthodb.org/?query=1108at7088	Helicase, C-terminal
1140at7088	Complete	OW569327.1	23527889	23524319	-	1623.8	1022	https://v10-1.orthodb.org/?query=1140at7088	RNA polymerase II-associated protein 1, C-terminal
1161at7088	Complete	OW569327.1	17455086	17419256	-	2137.8	1459	https://v10-1.orthodb.org/?query=1161at7088	Protein kinase domain
1179at7088	Complete	OW569327.1	15647598	15650409	+	1633.4	844	https://v10-1.orthodb.org/?query=1179at7088	UNC-45/Cro1/She4, central domain
1300at7088	Complete	OW569327.1	18837150	18863885	+	843.5	449	https://v10-1.orthodb.org/?query=1300at7088	Condensin complex subunit 1, C-terminal
1317at7088	Complete	OW569327.1	9339647	9403190	+	2326.3	1491	https://v10-1.orthodb.org/?query=1317at7088	S phase cyclin A-associated protein in the endoplasmic reticulum, N-terminal
1436at7088	Complete	OW569327.1	17252959	17277212	+	1439.3	778	https://v10-1.orthodb.org/?query=1436at7088	Protein kinase domain
1566at7088	Duplicated	OW569327.1	15012921	15010176	-	1138.6	737	https://v10-1.orthodb.org/?query=1566at7088	Glycoside hydrolase family 31
1566at7088	Duplicated	OW569327.1	15058965	15056220	-	1138.6	737	https://v10-1.orthodb.org/?query=1566at7088	Glycoside hydrolase family 31
1567at7088	Complete	OW569327.1	22356737	22359023	+	1397.2	665	https://v10-1.orthodb.org/?query=1567at7088	Helicase/UvrB, N-terminal
1577at7088	Complete	OW569327.1	5694370	5728912	+	1463.0	758	https://v10-1.orthodb.org/?query=1577at7088	Anoctamin
1591at7088	Complete	OW569327.1	17553448	17564987	+	1277.1	620	https://v10-1.orthodb.org/?query=1591at7088	DEAD/DEAH box helicase domain
1608at7088	Complete	OW569327.1	16800375	16774335	-	1656.8	967	https://v10-1.orthodb.org/?query=1608at7088	Nuclear condensin complex subunit 3, C-terminal domain
1623at7088	Complete	OW569327.1	17612056	17601558	-	1264.6	588	https://v10-1.orthodb.org/?query=1623at7088	Eukaryotic translation initiation factor 3 subunit C
1862at7088	Complete	OW569327.1	19115779	19128835	+	887.9	491	https://v10-1.orthodb.org/?query=1862at7088	Kelch repeat type 1
1890at7088	Complete	OW569327.1	22418779	22401292	-	1083.4	596	https://v10-1.orthodb.org/?query=1890at7088	Ion transport domain
2072at7088	Complete	OW569327.1	508923	515121	+	1468.6	1183	https://v10-1.orthodb.org/?query=2072at7088	uncharacterized protein LOC105387679
2081at7088	Complete	OW569327.1	20629517	20647039	+	1499.9	718	https://v10-1.orthodb.org/?query=2081at7088	Proteasome component (PCI) domain
2141at7088	Complete	OW569327.1	9684277	9689657	+	920.0	713	https://v10-1.orthodb.org/?query=2141at7088	Zinc finger, MYND-type
2190at7088	Complete	OW569327.1	17061104	17059064	-	1132.0	613	https://v10-1.orthodb.org/?query=2190at7088	exocyst complex component 8
2208at7088	Complete	OW569327.1	22226992	22207331	-	1074.2	575	https://v10-1.orthodb.org/?query=2208at7088	STAS domain
2215at7088	Complete	OW569327.1	2783272	2788031	+	1198.4	546	https://v10-1.orthodb.org/?query=2215at7088	WD40 repeat
2227at7088	Complete	OW569327.1	2217079	2210955	-	813.0	380	https://v10-1.orthodb.org/?query=2227at7088	Major facilitator,  sugar transporter-like
2370at7088	Complete	OW569327.1	16448949	16441423	-	1274.2	755	https://v10-1.orthodb.org/?query=2370at7088	uncharacterized protein LOC106117833
2522at7088	Complete	OW569327.1	15589582	15557327	-	1306.5	644	https://v10-1.orthodb.org/?query=2522at7088	Pleckstrin homology domain
2577at7088	Complete	OW569327.1	22443305	22428536	-	1145.8	627	https://v10-1.orthodb.org/?query=2577at7088	Domain of unknown function DUF3342
2662at7088	Complete	OW569327.1	19230530	19238203	+	793.2	555	https://v10-1.orthodb.org/?query=2662at7088	Zinc finger C2H2-type
2704at7088	Complete	OW569327.1	15597530	15615389	+	931.9	500	https://v10-1.orthodb.org/?query=2704at7088	Rieske 
2746at7088	Complete	OW569327.1	7326530	7345951	+	628.9	410	https://v10-1.orthodb.org/?query=2746at7088	Reeler domain
2762at7088	Complete	OW569327.1	17046112	17057621	+	792.5	482	https://v10-1.orthodb.org/?query=2762at7088	Sec1-like protein
2932at7088	Complete	OW569327.1	21542931	21541077	-	1069.3	552	https://v10-1.orthodb.org/?query=2932at7088	uncharacterized protein KIAA2013 homolog
3010at7088	Complete	OW569327.1	15659702	15662459	+	1234.7	692	https://v10-1.orthodb.org/?query=3010at7088	uncharacterized protein LOC111360054
3027at7088	Complete	OW569327.1	8448355	8446471	-	1066.2	542	https://v10-1.orthodb.org/?query=3027at7088	CABIT domain
3105at7088	Complete	OW569327.1	17123593	17103829	-	1117.1	725	https://v10-1.orthodb.org/?query=3105at7088	RNA recognition motif domain
3187at7088	Complete	OW569327.1	21969881	21959802	-	709.4	425	https://v10-1.orthodb.org/?query=3187at7088	Sec1-like protein
3200at7088	Complete	OW569327.1	23550583	23558947	+	1022.9	555	https://v10-1.orthodb.org/?query=3200at7088	Helicase/UvrB, N-terminal
3234at7088	Complete	OW569327.1	16655931	16652424	-	996.4	816	https://v10-1.orthodb.org/?query=3234at7088	T-complex protein 10, C-terminal domain
3323at7088	Complete	OW569327.1	16301201	16253609	-	856.6	453	https://v10-1.orthodb.org/?query=3323at7088	C2 domain
3351at7088	Complete	OW569327.1	10970594	10925983	-	939.2	459	https://v10-1.orthodb.org/?query=3351at7088	Proline dehydrogenase domain
3352at7088	Complete	OW569327.1	6789463	6777528	-	585.4	472	https://v10-1.orthodb.org/?query=3352at7088	Farnesoic acid O-methyl transferase
3516at7088	Complete	OW569327.1	16922380	16906407	-	958.5	599	https://v10-1.orthodb.org/?query=3516at7088	WH2 domain
3607at7088	Complete	OW569327.1	2551793	2543403	-	848.3	479	https://v10-1.orthodb.org/?query=3607at7088	Patatin-like phospholipase domain
3695at7088	Complete	OW569327.1	11206577	11192942	-	807.3	578	https://v10-1.orthodb.org/?query=3695at7088	separin
3753at7088	Complete	OW569327.1	19683225	19696798	+	1007.8	1028	https://v10-1.orthodb.org/?query=3753at7088	ALMS motif
3774at7088	Complete	OW569327.1	3829856	3783718	-	760.2	554	https://v10-1.orthodb.org/?query=3774at7088	SANT/Myb domain
3840at7088	Complete	OW569327.1	5434317	5453740	+	460.1	312	https://v10-1.orthodb.org/?query=3840at7088	stabilizer of axonemal microtubules 2
3853at7088	Complete	OW569327.1	15647206	15644764	-	658.6	347	https://v10-1.orthodb.org/?query=3853at7088	Chaperonin subunit 6a zeta
3855at7088	Complete	OW569327.1	10481613	10479924	-	856.7	489	https://v10-1.orthodb.org/?query=3855at7088	CCR4-NOT transcription complex subunit 10
3946at7088	Complete	OW569327.1	6743681	6731574	-	770.4	400	https://v10-1.orthodb.org/?query=3946at7088	Vacuolar fusion protein Mon1
3949at7088	Complete	OW569327.1	17503889	17494382	-	913.1	539	https://v10-1.orthodb.org/?query=3949at7088	MoeA, C-terminal, domain IV
3989at7088	Complete	OW569327.1	7351159	7349584	-	882.1	469	https://v10-1.orthodb.org/?query=3989at7088	DNA polymerase alpha/delta/epsilon, subunit B
4110at7088	Complete	OW569327.1	20167743	20149592	-	561.7	324	https://v10-1.orthodb.org/?query=4110at7088	Odorant receptor
4180at7088	Complete	OW569327.1	9966924	9964785	-	993.3	571	https://v10-1.orthodb.org/?query=4180at7088	G-patch domain
4251at7088	Complete	OW569327.1	20610448	20621203	+	563.8	347	https://v10-1.orthodb.org/?query=4251at7088	Peptidase C1B, bleomycin hydrolase
4298at7088	Complete	OW569327.1	8418304	8409724	-	746.7	379	https://v10-1.orthodb.org/?query=4298at7088	PDZ domain
4315at7088	Complete	OW569327.1	22443888	22449215	+	742.4	370	https://v10-1.orthodb.org/?query=4315at7088	Rab-GTPase-TBC domain
4400at7088	Complete	OW569327.1	17081904	17086661	+	938.2	466	https://v10-1.orthodb.org/?query=4400at7088	Abhydrolase domain containing 18
4418at7088	Complete	OW569327.1	10533216	10534794	+	629.1	433	https://v10-1.orthodb.org/?query=4418at7088	uncharacterized protein LOC111003354
4427at7088	Complete	OW569327.1	23442639	23493005	+	617.9	379	https://v10-1.orthodb.org/?query=4427at7088	Thioredoxin-like fold
4595at7088	Complete	OW569327.1	5465287	5466787	+	756.1	418	https://v10-1.orthodb.org/?query=4595at7088	uncharacterized protein LOC101738379
4609at7088	Complete	OW569327.1	18978557	18968923	-	685.5	366	https://v10-1.orthodb.org/?query=4609at7088	SH2 domain
4668at7088	Complete	OW569327.1	16414917	16436351	+	893.5	513	https://v10-1.orthodb.org/?query=4668at7088	uncharacterized protein LOC105384042
4694at7088	Complete	OW569327.1	14012518	14009532	-	847.1	447	https://v10-1.orthodb.org/?query=4694at7088	Potassium channel domain
4894at7088	Complete	OW569327.1	20736833	20742117	+	527.5	236	https://v10-1.orthodb.org/?query=4894at7088	PPM-type phosphatase domain
5242at7088	Complete	OW569327.1	15715289	15716607	+	703.9	354	https://v10-1.orthodb.org/?query=5242at7088	Diphthamide synthesis DPH1/DPH2
5244at7088	Complete	OW569327.1	5033248	5034577	+	756.1	358	https://v10-1.orthodb.org/?query=5244at7088	F-box domain
5333at7088	Complete	OW569327.1	5738982	5760681	+	872.3	550	https://v10-1.orthodb.org/?query=5333at7088	RNA polymerase II-binding domain
5440at7088	Complete	OW569327.1	18957256	18965782	+	464.1	299	https://v10-1.orthodb.org/?query=5440at7088	Serine protease gd, N-terminal domain
5559at7088	Complete	OW569327.1	2491938	2505340	+	466.6	233	https://v10-1.orthodb.org/?query=5559at7088	V-type proton ATPase subunit C
5580at7088	Complete	OW569327.1	10155478	10146754	-	734.7	389	https://v10-1.orthodb.org/?query=5580at7088	SH2 domain
5665at7088	Complete	OW569327.1	12689711	12707676	+	466.1	297	https://v10-1.orthodb.org/?query=5665at7088	Sulfatase, N-terminal
5672at7088	Complete	OW569327.1	23498007	23498883	+	451.4	203	https://v10-1.orthodb.org/?query=5672at7088	Helicase/UvrB, N-terminal
5715at7088	Complete	OW569327.1	10527083	10528372	+	483.4	217	https://v10-1.orthodb.org/?query=5715at7088	SNF5/SMARCB1/INI1
5735at7088	Complete	OW569327.1	22344782	22354857	+	786.7	450	https://v10-1.orthodb.org/?query=5735at7088	Leucine-rich repeat
5738at7088	Complete	OW569327.1	2151906	2135808	-	955.2	535	https://v10-1.orthodb.org/?query=5738at7088	Domain of unknown function DUF4792
5786at7088	Complete	OW569327.1	22373201	22374791	+	767.0	456	https://v10-1.orthodb.org/?query=5786at7088	Glycosyl transferase, ALG6/ALG8
5887at7088	Complete	OW569327.1	11965918	11987205	+	780.5	439	https://v10-1.orthodb.org/?query=5887at7088	Zinc finger, RING-type
5957at7088	Complete	OW569327.1	3905410	3883534	-	460.3	259	https://v10-1.orthodb.org/?query=5957at7088	Zinc finger, RING-CH-type
6076at7088	Complete	OW569327.1	928610	958727	+	551.8	340	https://v10-1.orthodb.org/?query=6076at7088	uncharacterized protein LOC110995130
6255at7088	Complete	OW569327.1	22901304	22934372	+	624.0	391	https://v10-1.orthodb.org/?query=6255at7088	TLDc domain
6302at7088	Complete	OW569327.1	20723193	20708059	-	580.2	274	https://v10-1.orthodb.org/?query=6302at7088	Rab-GTPase-TBC domain
6311at7088	Complete	OW569327.1	2296945	2274857	-	678.0	402	https://v10-1.orthodb.org/?query=6311at7088	Major facilitator,  sugar transporter-like
6404at7088	Complete	OW569327.1	19633597	19642159	+	649.5	408	https://v10-1.orthodb.org/?query=6404at7088	Adenosine/AMP deaminase domain
6481at7088	Complete	OW569327.1	10597592	10589897	-	636.1	436	https://v10-1.orthodb.org/?query=6481at7088	uncharacterized protein LOC106117835
6502at7088	Complete	OW569327.1	18152374	18157071	+	537.7	298	https://v10-1.orthodb.org/?query=6502at7088	Calcium release-activated calcium channel protein
6503at7088	Complete	OW569327.1	2654185	2655436	+	498.0	340	https://v10-1.orthodb.org/?query=6503at7088	Serpin domain
6646at7088	Complete	OW569327.1	7152343	7147118	-	539.6	320	https://v10-1.orthodb.org/?query=6646at7088	Glycoside hydrolase, family 27
6787at7088	Complete	OW569327.1	16562531	16542989	-	823.5	424	https://v10-1.orthodb.org/?query=6787at7088	RED-like, N-terminal
6791at7088	Complete	OW569327.1	9993235	9997786	+	608.7	278	https://v10-1.orthodb.org/?query=6791at7088	Hemimethylated DNA-binding domain
6996at7088	Complete	OW569327.1	6672266	6691181	+	647.4	357	https://v10-1.orthodb.org/?query=6996at7088	UBX domain
7001at7088	Complete	OW569327.1	11148731	11067103	-	738.3	425	https://v10-1.orthodb.org/?query=7001at7088	bicaudal D-related protein homolog
7005at7088	Complete	OW569327.1	17615378	17616601	+	530.1	327	https://v10-1.orthodb.org/?query=7005at7088	Zinc finger, AD-type
7146at7088	Complete	OW569327.1	9736803	9726894	-	703.4	372	https://v10-1.orthodb.org/?query=7146at7088	Inward rectifier potassium channel, C-terminal
7237at7088	Complete	OW569327.1	15761814	15781599	+	616.7	375	https://v10-1.orthodb.org/?query=7237at7088	Nuclear protein DGCR14/ESS-2
7313at7088	Complete	OW569327.1	15261659	15282908	+	507.2	278	https://v10-1.orthodb.org/?query=7313at7088	Paired domain
7335at7088	Complete	OW569327.1	23057659	23038136	-	663.8	378	https://v10-1.orthodb.org/?query=7335at7088	Protein kinase domain
7416at7088	Complete	OW569327.1	21918725	21917413	-	517.9	297	https://v10-1.orthodb.org/?query=7416at7088	uncharacterized protein LOC106117728
7473at7088	Complete	OW569327.1	1213789	1212589	-	690.6	344	https://v10-1.orthodb.org/?query=7473at7088	La-type HTH domain
7512at7088	Complete	OW569327.1	10698711	10696344	-	503.3	244	https://v10-1.orthodb.org/?query=7512at7088	Protein kinase domain
7584at7088	Complete	OW569327.1	19932779	19929725	-	495.7	282	https://v10-1.orthodb.org/?query=7584at7088	CRAL-TRIO lipid binding domain
7586at7088	Complete	OW569327.1	16235079	16230893	-	579.3	276	https://v10-1.orthodb.org/?query=7586at7088	SH3 domain
7594at7088	Complete	OW569327.1	23523166	23506441	-	663.8	443	https://v10-1.orthodb.org/?query=7594at7088	CDC45 family
7668at7088	Complete	OW569327.1	18966561	18968356	+	496.3	267	https://v10-1.orthodb.org/?query=7668at7088	HhH-GPD domain
7675at7088	Complete	OW569327.1	17586561	17589461	+	567.0	333	https://v10-1.orthodb.org/?query=7675at7088	Histone deacetylase domain
7763at7088	Duplicated	OW569327.1	15007499	15009945	+	533.0	327	https://v10-1.orthodb.org/?query=7763at7088	TrmO-like, N-terminal domain
7763at7088	Duplicated	OW569327.1	15053543	15055989	+	533.0	327	https://v10-1.orthodb.org/?query=7763at7088	TrmO-like, N-terminal domain
7869at7088	Complete	OW569327.1	21366202	21336679	-	452.3	237	https://v10-1.orthodb.org/?query=7869at7088	Sex-lethal
7919at7088	Complete	OW569327.1	19519734	19417058	-	737.6	434	https://v10-1.orthodb.org/?query=7919at7088	Transcription factor, T-box
8011at7088	Complete	OW569327.1	21975377	21983054	+	533.7	302	https://v10-1.orthodb.org/?query=8011at7088	Lactate/malate dehydrogenase, C-terminal
8012at7088	Complete	OW569327.1	10655263	10654228	-	587.9	308	https://v10-1.orthodb.org/?query=8012at7088	EamA domain
8019at7088	Complete	OW569327.1	7508904	7486508	-	761.6	344	https://v10-1.orthodb.org/?query=8019at7088	Serpin domain
8053at7088	Complete	OW569327.1	15321424	15319373	-	444.8	290	https://v10-1.orthodb.org/?query=8053at7088	uncharacterized protein LOC110381011
8084at7088	Complete	OW569327.1	21629758	21605459	-	599.3	310	https://v10-1.orthodb.org/?query=8084at7088	Peptidase S54, rhomboid domain
8088at7088	Complete	OW569327.1	7571222	7589257	+	582.3	382	https://v10-1.orthodb.org/?query=8088at7088	Epoxide hydrolase, N-terminal
8089at7088	Complete	OW569327.1	17822164	17827765	+	459.5	344	https://v10-1.orthodb.org/?query=8089at7088	trichoplein keratin filament-binding protein
8149at7088	Complete	OW569327.1	16619679	16617860	-	540.8	266	https://v10-1.orthodb.org/?query=8149at7088	N-acetylglucosaminyl phosphatidylinositol deacetylase-related
8248at7088	Complete	OW569327.1	23410381	23406143	-	578.0	311	https://v10-1.orthodb.org/?query=8248at7088	Domain of unknown function DUF155
8310at7088	Complete	OW569327.1	15621466	15633466	+	455.1	242	https://v10-1.orthodb.org/?query=8310at7088	Peptidase A22B, signal peptide peptidase
8323at7088	Complete	OW569327.1	17289187	17286067	-	463.2	219	https://v10-1.orthodb.org/?query=8323at7088	NIPSNAP
8346at7088	Complete	OW569327.1	15821747	15823337	+	618.2	343	https://v10-1.orthodb.org/?query=8346at7088	Rad9/Ddc1
8392at7088	Complete	OW569327.1	21164573	21210601	+	400.1	229	https://v10-1.orthodb.org/?query=8392at7088	Somatomedin B domain
8403at7088	Complete	OW569327.1	5613394	5605708	-	470.8	294	https://v10-1.orthodb.org/?query=8403at7088	uncharacterized protein LOC101744353
8453at7088	Complete	OW569327.1	19059937	19056510	-	554.1	276	https://v10-1.orthodb.org/?query=8453at7088	CRAL-TRIO lipid binding domain
8572at7088	Complete	OW569327.1	19162657	19159070	-	523.7	248	https://v10-1.orthodb.org/?query=8572at7088	ubiquitin fusion degradation protein 1 homolog isoform X1
8618at7088	Complete	OW569327.1	1519995	1521774	+	535.5	269	https://v10-1.orthodb.org/?query=8618at7088	Cilia- and flagella-associated protein 298
8709at7088	Complete	OW569327.1	15326616	15329358	+	427.7	241	https://v10-1.orthodb.org/?query=8709at7088	CDK-activating kinase assembly factor MAT1
8863at7088	Complete	OW569327.1	10522261	10495311	-	584.6	282	https://v10-1.orthodb.org/?query=8863at7088	Mitochondrial substrate/solute carrier
8984at7088	Complete	OW569327.1	18470415	18474863	+	452.0	249	https://v10-1.orthodb.org/?query=8984at7088	Histidine phosphatase superfamily, clade-1
8988at7088	Complete	OW569327.1	15857196	15858651	+	449.5	239	https://v10-1.orthodb.org/?query=8988at7088	Sirtuin family
9119at7088	Complete	OW569327.1	4945301	4946225	+	501.7	275	https://v10-1.orthodb.org/?query=9119at7088	Transcription initiation factor IID, subunit 13
9142at7088	Complete	OW569327.1	11860889	11864442	+	459.0	231	https://v10-1.orthodb.org/?query=9142at7088	GPN-loop GTPase
9194at7088	Complete	OW569327.1	16310662	16355592	+	577.8	310	https://v10-1.orthodb.org/?query=9194at7088	JNK/Rab-associated protein-1, N-terminal
9272at7088	Complete	OW569327.1	3846656	3850764	+	453.9	258	https://v10-1.orthodb.org/?query=9272at7088	Checkpoint protein Hus1/Mec3
9297at7088	Complete	OW569327.1	2975365	3022188	+	367.5	216	https://v10-1.orthodb.org/?query=9297at7088	Immunoglobulin
9343at7088	Complete	OW569327.1	17577781	17576273	-	445.2	236	https://v10-1.orthodb.org/?query=9343at7088	SET domain
9386at7088	Fragmented	OW569327.1	10812248	10813478	+	251.5	140	https://v10-1.orthodb.org/?query=9386at7088	Phosphoglycerate mutase
9477at7088	Complete	OW569327.1	14988951	14993712	+	390.5	206	https://v10-1.orthodb.org/?query=9477at7088	Exoribonuclease, phosphorolytic domain 1
9568at7088	Complete	OW569327.1	15720409	15719103	-	390.5	236	https://v10-1.orthodb.org/?query=9568at7088	Alpha/beta hydrolase fold-1
9765at7088	Complete	OW569327.1	15116081	15118779	+	329.0	175	https://v10-1.orthodb.org/?query=9765at7088	Proteasome, subunit alpha/beta
9962at7088	Complete	OW569327.1	16649302	16651365	+	465.1	263	https://v10-1.orthodb.org/?query=9962at7088	39S ribosomal protein L44, mitochondrial
9977at7088	Complete	OW569327.1	10138391	10141143	+	443.0	236	https://v10-1.orthodb.org/?query=9977at7088	Rad1/Rec1/Rad17
10029at7088	Complete	OW569327.1	22510985	22487446	-	355.6	276	https://v10-1.orthodb.org/?query=10029at7088	uncharacterized protein LOC105384439
10150at7088	Complete	OW569327.1	3882580	3860617	-	647.2	593	https://v10-1.orthodb.org/?query=10150at7088	Nucleoporin, NSP1-like, C-terminal
10164at7088	Complete	OW569327.1	19786175	19783504	-	384.1	274	https://v10-1.orthodb.org/?query=10164at7088	Zinc finger, HIT-type
10225at7088	Complete	OW569327.1	14929461	14939115	+	460.5	237	https://v10-1.orthodb.org/?query=10225at7088	Nucleoside phosphorylase domain
10289at7088	Complete	OW569327.1	14923537	14922115	-	397.5	223	https://v10-1.orthodb.org/?query=10289at7088	Heme oxygenase
10444at7088	Complete	OW569327.1	2481201	2479063	-	205.2	111	https://v10-1.orthodb.org/?query=10444at7088	Ribosomal protein L24
10479at7088	Complete	OW569327.1	9623680	9629954	+	304.9	329	https://v10-1.orthodb.org/?query=10479at7088	uncharacterized protein LOC106118534
10480at7088	Complete	OW569327.1	5461577	5455233	-	498.3	322	https://v10-1.orthodb.org/?query=10480at7088	UBX domain
10588at7088	Complete	OW569327.1	21926314	21950250	+	534.6	390	https://v10-1.orthodb.org/?query=10588at7088	Ataxin-2, C-terminal
10659at7088	Complete	OW569327.1	2120092	2121286	+	378.9	344	https://v10-1.orthodb.org/?query=10659at7088	Serpin domain
10750at7088	Complete	OW569327.1	23275146	23279441	+	354.9	206	https://v10-1.orthodb.org/?query=10750at7088	Haemolymph juvenile hormone binding
10778at7088	Complete	OW569327.1	14973103	14948571	-	786.7	480	https://v10-1.orthodb.org/?query=10778at7088	Transcriptional repressor p66, coiled-coil MBD2-interaction domain
10789at7088	Complete	OW569327.1	1307909	1310021	+	339.6	160	https://v10-1.orthodb.org/?query=10789at7088	Mediator complex, subunit Med20
10875at7088	Complete	OW569327.1	16576336	16575346	-	383.6	180	https://v10-1.orthodb.org/?query=10875at7088	GMP phosphodiesterase, delta subunit
10913at7088	Complete	OW569327.1	19221876	19219479	-	265.3	228	https://v10-1.orthodb.org/?query=10913at7088	Transport and Golgi organisation protein 2
10917at7088	Complete	OW569327.1	19789626	19790985	+	367.4	202	https://v10-1.orthodb.org/?query=10917at7088	GIY-YIG endonuclease
10990at7088	Complete	OW569327.1	21472220	21472949	+	367.3	209	https://v10-1.orthodb.org/?query=10990at7088	YrdC-like domain
11053at7088	Complete	OW569327.1	15316921	15318757	+	383.5	199	https://v10-1.orthodb.org/?query=11053at7088	Juvenile hormone esterase binding protein
11062at7088	Complete	OW569327.1	23770427	23789847	+	316.7	276	https://v10-1.orthodb.org/?query=11062at7088	Small acidic protein-like domain
11151at7088	Complete	OW569327.1	22200585	22203349	+	455.0	284	https://v10-1.orthodb.org/?query=11151at7088	Nucleotide exchange factor Fes1
11192at7088	Complete	OW569327.1	16224430	16228485	+	371.1	220	https://v10-1.orthodb.org/?query=11192at7088	Ribosomal protein S15
11195at7088	Complete	OW569327.1	6723712	6725296	+	457.5	230	https://v10-1.orthodb.org/?query=11195at7088	Pre-mRNA-splicing factor 38
11224at7088	Complete	OW569327.1	2522434	2531808	+	351.6	180	https://v10-1.orthodb.org/?query=11224at7088	Zinc finger, GATA-type
11231at7088	Complete	OW569327.1	15551400	15552327	+	295.9	159	https://v10-1.orthodb.org/?query=11231at7088	CDP-diacylglycerol--inositol 3-phosphatidyltransferase
11349at7088	Complete	OW569327.1	17489932	17492337	+	358.7	168	https://v10-1.orthodb.org/?query=11349at7088	GOLD domain
11549at7088	Complete	OW569327.1	1260994	1262573	+	412.0	221	https://v10-1.orthodb.org/?query=11549at7088	6-phosphogluconolactonase
11563at7088	Complete	OW569327.1	19103035	19101805	-	380.4	189	https://v10-1.orthodb.org/?query=11563at7088	Ran binding domain
11655at7088	Duplicated	OW569327.1	10568143	10575040	+	202.4	146	https://v10-1.orthodb.org/?query=11655at7088	Phosphatidylethanolamine-binding protein
11704at7088	Complete	OW569327.1	19100103	19101025	+	313.5	197	https://v10-1.orthodb.org/?query=11704at7088	ERp29, N-terminal
11793at7088	Complete	OW569327.1	9329593	9326845	-	360.2	156	https://v10-1.orthodb.org/?query=11793at7088	Ribosomal protein S11
11817at7088	Complete	OW569327.1	10118264	10107606	-	337.2	185	https://v10-1.orthodb.org/?query=11817at7088	Golgi SNAP receptor complex member 1
11932at7088	Complete	OW569327.1	2165391	2167398	+	306.0	186	https://v10-1.orthodb.org/?query=11932at7088	Myc-type, basic helix-loop-helix (bHLH) domain
11969at7088	Complete	OW569327.1	22421437	22425912	+	468.2	244	https://v10-1.orthodb.org/?query=11969at7088	Ribosomal protein L6
11973at7088	Complete	OW569327.1	23243744	23248374	+	319.5	218	https://v10-1.orthodb.org/?query=11973at7088	Uncharacterized protein U23
11982at7088	Complete	OW569327.1	15831091	15825515	-	318.8	143	https://v10-1.orthodb.org/?query=11982at7088	Ubiquitin-conjugating enzyme E2
11984at7088	Complete	OW569327.1	9986870	9987810	+	262.9	117	https://v10-1.orthodb.org/?query=11984at7088	Actin-related protein 2/3 complex subunit 3
12056at7088	Complete	OW569327.1	23816762	23814454	-	225.9	162	https://v10-1.orthodb.org/?query=12056at7088	alpha-ketoglutarate-dependent dioxygenase alkB homolog 7, mitochondrial-like
12094at7088	Complete	OW569327.1	11223574	11225604	+	258.2	133	https://v10-1.orthodb.org/?query=12094at7088	Calcineurin-like phosphoesterase domain, lpxH-type
12096at7088	Complete	OW569327.1	20609371	20605847	-	302.0	185	https://v10-1.orthodb.org/?query=12096at7088	uncharacterized protein LOC105382657
12223at7088	Complete	OW569327.1	16629587	16630843	+	323.2	165	https://v10-1.orthodb.org/?query=12223at7088	EF-hand domain
12339at7088	Complete	OW569327.1	18106814	18106115	-	345.4	190	https://v10-1.orthodb.org/?query=12339at7088	Methyl-CpG-binding domain protein 4
12350at7088	Complete	OW569327.1	5246197	5244488	-	326.2	154	https://v10-1.orthodb.org/?query=12350at7088	Receptor expression-enhancing protein
12396at7088	Complete	OW569327.1	20623768	20621926	-	284.6	186	https://v10-1.orthodb.org/?query=12396at7088	Protein of unknown function DUF4807
12504at7088	Complete	OW569327.1	7010116	7010875	+	297.8	165	https://v10-1.orthodb.org/?query=12504at7088	Phosphoribosyltransferase domain
12817at7088	Complete	OW569327.1	16623655	16624491	+	316.7	180	https://v10-1.orthodb.org/?query=12817at7088	Vacuolar protein sorting 37B
12819at7088	Complete	OW569327.1	18162308	18160970	-	260.7	168	https://v10-1.orthodb.org/?query=12819at7088	LOC101740292
12847at7088	Complete	OW569327.1	22106295	22110108	+	248.4	176	https://v10-1.orthodb.org/?query=12847at7088	MADF domain
12893at7088	Complete	OW569327.1	17591292	17590270	-	348.2	152	https://v10-1.orthodb.org/?query=12893at7088	Ubiquitin-conjugating enzyme E2
12894at7088	Complete	OW569327.1	677939	676920	-	250.7	143	https://v10-1.orthodb.org/?query=12894at7088	Ribosomal protein L7Ae/L30e/S12e/Gadd45
12903at7088	Complete	OW569327.1	17619041	17618246	-	367.8	217	https://v10-1.orthodb.org/?query=12903at7088	synaptosomal-associated protein 29
13003at7088	Complete	OW569327.1	1299461	1301465	+	320.8	224	https://v10-1.orthodb.org/?query=13003at7088	Chromosome segregation in meiosis protein 3
13034at7088	Complete	OW569327.1	21473737	21473242	-	269.0	139	https://v10-1.orthodb.org/?query=13034at7088	Mitochondrial inner membrane protease subunit
13065at7088	Complete	OW569327.1	23549832	23548857	-	205.7	109	https://v10-1.orthodb.org/?query=13065at7088	Protein of unknown function DUF872, transmembrane
13099at7088	Complete	OW569327.1	19158054	19158561	+	380.4	167	https://v10-1.orthodb.org/?query=13099at7088	Actin-related protein 2/3 complex subunit 4
13107at7088	Complete	OW569327.1	13397242	13398308	+	331.0	160	https://v10-1.orthodb.org/?query=13107at7088	Mitochondrial import inner membrane translocase subunit Tim22
13122at7088	Complete	OW569327.1	2732615	2726104	-	305.1	220	https://v10-1.orthodb.org/?query=13122at7088	PI31 proteasome regulator, C-terminal
13315at7088	Complete	OW569327.1	1306212	1303686	-	408.9	249	https://v10-1.orthodb.org/?query=13315at7088	Ubiquitin domain
13326at7088	Complete	OW569327.1	16627253	16625581	-	185.7	125	https://v10-1.orthodb.org/?query=13326at7088	DnaJ domain
13730at7088	Complete	OW569327.1	12681034	12679578	-	213.8	126	https://v10-1.orthodb.org/?query=13730at7088	uncharacterized protein LOC106133218
13753at7088	Complete	OW569327.1	517718	517211	-	229.4	147	https://v10-1.orthodb.org/?query=13753at7088	tRNA-splicing endonuclease subunit Sen15
13761at7088	Complete	OW569327.1	8393262	8396297	+	332.9	176	https://v10-1.orthodb.org/?query=13761at7088	Snf7 family
13877at7088	Complete	OW569327.1	15834970	15847329	+	329.3	200	https://v10-1.orthodb.org/?query=13877at7088	RNA recognition motif domain
13890at7088	Complete	OW569327.1	23545610	23546093	+	245.0	140	https://v10-1.orthodb.org/?query=13890at7088	Translation machinery-associated protein 16
14127at7088	Complete	OW569327.1	16636552	16634328	-	164.3	107	https://v10-1.orthodb.org/?query=14127at7088	Protein of unknown function DUF4541
14130at7088	Fragmented	OW569327.1	17621799	17623069	+	164.8	80	https://v10-1.orthodb.org/?query=14130at7088	Mediator complex, subunit Med31
14203at7088	Fragmented	OW569327.1	5233611	5239202	+	113.9	65	https://v10-1.orthodb.org/?query=14203at7088	Ribosomal protein S16
14292at7088	Complete	OW569327.1	11056371	11056924	+	222.2	129	https://v10-1.orthodb.org/?query=14292at7088	peptidyl-tRNA hydrolase 2, mitochondrial-like
14309at7088	Complete	OW569327.1	5084902	5099064	+	200.4	104	https://v10-1.orthodb.org/?query=14309at7088	Zinc finger, RanBP2-type
14313at7088	Complete	OW569327.1	16565332	16564574	-	154.7	83	https://v10-1.orthodb.org/?query=14313at7088	Macrophage migration inhibitory factor
14348at7088	Complete	OW569327.1	10647987	10646581	-	198.3	96	https://v10-1.orthodb.org/?query=14348at7088	Mediator complex, subunit Med21
14582at7088	Complete	OW569327.1	4997514	4981139	-	202.4	96	https://v10-1.orthodb.org/?query=14582at7088	Transcription activator MBF2
14593at7088	Complete	OW569327.1	12097290	12095596	-	230.0	123	https://v10-1.orthodb.org/?query=14593at7088	Insect cuticle protein
14783at7088	Complete	OW569327.1	13383859	13386096	+	183.4	147	https://v10-1.orthodb.org/?query=14783at7088	uncharacterized protein LOC110371709
14836at7088	Complete	OW569327.1	22516431	22517266	+	262.2	123	https://v10-1.orthodb.org/?query=14836at7088	LSM domain, eukaryotic/archaea-type
14845at7088	Complete	OW569327.1	9960293	9961979	+	160.4	101	https://v10-1.orthodb.org/?query=14845at7088	Transthyretin/hydroxyisourate hydrolase domain
14944at7088	Complete	OW569327.1	18202210	18201314	-	169.5	98	https://v10-1.orthodb.org/?query=14944at7088	NADH dehydrogenase 
15269at7088	Complete	OW569327.1	22995631	22996489	+	216.5	88	https://v10-1.orthodb.org/?query=15269at7088	Dynein light chain
15342at7088	Complete	OW569327.1	23728889	23731059	+	107.7	64	https://v10-1.orthodb.org/?query=15342at7088	Ska2, N-terminal
15525at7088	Complete	OW569327.1	4783468	4786479	+	209.0	110	https://v10-1.orthodb.org/?query=15525at7088	Ribosomal protein L37, mitochondrial
15583at7088	Complete	OW569327.1	15639789	15639224	-	185.8	124	https://v10-1.orthodb.org/?query=15583at7088	Cgr1-like
15593at7088	Complete	OW569327.1	15618877	15618176	-	163.3	91	https://v10-1.orthodb.org/?query=15593at7088	Ribosomal protein 63, mitochondrial
15704at7088	Complete	OW569327.1	2532291	2533095	+	153.0	65	https://v10-1.orthodb.org/?query=15704at7088	LSM domain, eukaryotic/archaea-type
15779at7088	Complete	OW569327.1	15174713	15175970	+	385.8	271	https://v10-1.orthodb.org/?query=15779at7088	Putative cuticle protein
15781at7088	Complete	OW569327.1	17640090	17639364	-	301.8	199	https://v10-1.orthodb.org/?query=15781at7088	Pupal cuticle protein
16112at7088	Complete	OW569327.1	17387550	17386915	-	134.7	73	https://v10-1.orthodb.org/?query=16112at7088	Cytochrome b-c1 complex subunit 6
16140at7088	Complete	OW569327.1	3370122	3369129	-	271.1	180	https://v10-1.orthodb.org/?query=16140at7088	glycine-rich protein DOT1-like
16196at7088	Complete	OW569327.1	17145874	17144674	-	265.9	162	https://v10-1.orthodb.org/?query=16196at7088	Putative cuticle protein
16607at7088	Complete	OW569327.1	2044057	2050830	+	159.0	110	https://v10-1.orthodb.org/?query=16607at7088	LOC101745983
